{
  "model": "distilbert",
  "timestamp": "2026-02-22T02:56:13.621827+00:00",
  "accuracy": 0.6553333333333333,
  "macro_f1": 0.6232922382849823,
  "weighted_f1": 0.6690967824834179,
  "classification_report": {
    "Billing": {
      "precision": 0.35853976531942633,
      "recall": 0.6425233644859814,
      "f1-score": 0.4602510460251046,
      "support": 428.0
    },
    "Legal": {
      "precision": 0.7647058823529411,
      "recall": 0.6638811513463324,
      "f1-score": 0.7107355864811133,
      "support": 1077.0
    },
    "Technical": {
      "precision": 0.7519260400616333,
      "recall": 0.6528428093645485,
      "f1-score": 0.698890082348729,
      "support": 1495.0
    },
    "accuracy": 0.6553333333333333,
    "macro avg": {
      "precision": 0.6250572292446669,
      "recall": 0.6530824417322875,
      "f1-score": 0.6232922382849823,
      "support": 3000.0
    },
    "weighted avg": {
      "precision": 0.7003908949143245,
      "recall": 0.6553333333333333,
      "f1-score": 0.6690967824834179,
      "support": 3000.0
    }
  }
}