{
  "model": "tfidf_svc",
  "timestamp": "2026-02-22T02:28:30.247601+00:00",
  "accuracy": 0.772524892738606,
  "macro_f1": 0.7365265286297525,
  "weighted_f1": 0.7729341775320763,
  "classification_report": {
    "Billing": {
      "precision": 0.5770171149144254,
      "recall": 0.6704545454545454,
      "f1-score": 0.6202365308804205,
      "support": 1760.0
    },
    "Legal": {
      "precision": 0.8887910798122066,
      "recall": 0.6828223624887286,
      "f1-score": 0.7723100458949516,
      "support": 4436.0
    },
    "Technical": {
      "precision": 0.7730434782608696,
      "recall": 0.8663310053597532,
      "f1-score": 0.8170330091138853,
      "support": 6157.0
    },
    "accuracy": 0.772524892738606,
    "macro avg": {
      "precision": 0.7462838909958339,
      "recall": 0.7398693044343424,
      "f1-score": 0.7365265286297525,
      "support": 12353.0
    },
    "weighted avg": {
      "precision": 0.7866798387394569,
      "recall": 0.772524892738606,
      "f1-score": 0.7729341775320763,
      "support": 12353.0
    }
  }
}