{
  "model": "tfidf_logreg",
  "timestamp": "2026-02-22T02:26:59.335856+00:00",
  "accuracy": 0.7744677406298065,
  "macro_f1": 0.7432167663530729,
  "weighted_f1": 0.7788716940875429,
  "classification_report": {
    "Billing": {
      "precision": 0.5348088531187123,
      "recall": 0.7551136363636364,
      "f1-score": 0.6261484098939929,
      "support": 1760.0
    },
    "Legal": {
      "precision": 0.8957072889657159,
      "recall": 0.7008566275924256,
      "f1-score": 0.786391804729986,
      "support": 4436.0
    },
    "Technical": {
      "precision": 0.8017820853525089,
      "recall": 0.8330355692707487,
      "f1-score": 0.8171100844352398,
      "support": 6157.0
    },
    "accuracy": 0.7744677406298065,
    "macro avg": {
      "precision": 0.7440994091456457,
      "recall": 0.7630019444089369,
      "f1-score": 0.7432167663530729,
      "support": 12353.0
    },
    "weighted avg": {
      "precision": 0.797473764660912,
      "recall": 0.7744677406298065,
      "f1-score": 0.7788716940875429,
      "support": 12353.0
    }
  }
}