{
  "train_size": 28587,
  "eval_size": 4289,
  "accuracy": 0.9014,
  "classification_report": {
    "Billing": {
      "precision": 0.7745664739884393,
      "recall": 0.6340694006309149,
      "f1-score": 0.6973113616652211,
      "support": 634.0
    },
    "Legal": {
      "precision": 0.5294117647058824,
      "recall": 0.313953488372093,
      "f1-score": 0.39416058394160586,
      "support": 86.0
    },
    "Technical": {
      "precision": 0.9241731648292552,
      "recall": 0.9630148500980666,
      "f1-score": 0.9431942919868277,
      "support": 3569.0
    },
    "accuracy": 0.9013756120307764,
    "macro avg": {
      "precision": 0.7427171345078589,
      "recall": 0.6370125797003582,
      "f1-score": 0.6782220791978849,
      "support": 4289.0
    },
    "weighted avg": {
      "precision": 0.8941428261946812,
      "recall": 0.9013756120307764,
      "f1-score": 0.8958390397798359,
      "support": 4289.0
    }
  }
}